id,acronym,name,direct_voxels,descendant_voxels,total_voxels
1,TMv,Tuberomammillary nucleus, ventral part,6931,0,6931
2,SSp-m6b,Primary somatosensory area, mouth, layer 6b,7339,0,7339
3,sec,secondary fissure,0,0,0
4,IC,Inferior colliculus,0,284601,284601
6,int,internal capsule,134366,0,134366
7,PSV,Principal sensory nucleus of the trigeminal,70327,0,70327
8,grey,Basic cell groups and regions,0,28774455,28774455
9,SSp-tr6a,Primary somatosensory area, trunk, layer 6a,14877,0,14877
10,SCig,Superior colliculus, motor related, intermediate gray layer,130357,0,130357
11,plf,posterolateral fissure,0,0,0
12,IF,Interfascicular nucleus raphe,5559,0,5559
14,im,internal medullary lamina of the thalamus,0,0,0
15,PT,Parataenial nucleus,14706,0,14706
16,6b,Layer 6b, isocortex,0,0,0
17,SCiw,Superior colliculus, motor related, intermediate white layer,133937,0,133937
18,nf,nodular fissure,0,0,0
19,IG,Induseum griseum,7958,0,7958
20,ENTl2,Entorhinal area, lateral part, layer 2,102602,0,102602
21,lotg,lateral olfactory tract, general,0,67975,67975
22,PTLp,Posterior parietal association areas,0,157056,157056
23,AAA,Anterior amygdalar area,31652,0,31652
25,sif,simple fissure,0,0,0
26,SCdg,Superior colliculus, motor related, deep gray layer,76483,0,76483
27,IGL,Intergeniculate leaflet of the lateral geniculate complex,4415,0,4415
28,ENTl6a,Entorhinal area, lateral part, layer 6a,67154,0,67154
29,sttl,lateral spinothalamic tract,0,0,0
30,PVa,Periventricular hypothalamic nucleus, anterior part,3191,0,3191
31,ACA,Anterior cingulate area,0,354549,354549
33,VISp6a,Primary visual area, layer 6a,68387,0,68387
34,icf,intercrural fissure,0,0,0
35,III,Oculomotor nucleus,2084,0,2084
36,GU1,Gustatory areas, layer 1,12588,0,12588
37,lab,longitudinal association bundle,0,0,0
38,PVH,Paraventricular hypothalamic nucleus,12076,0,12076
39,ACAd,Anterior cingulate area, dorsal part,0,200306,200306
41,VISpm2/3,posteromedial visual area, layer 2/3,18770,0,18770
42,SCdw,Superior colliculus, motor related, deep white layer,21283,0,21283
43,apf,ansoparamedian fissure,0,0,0
44,ILA,Infralimbic area,0,53963,53963
45,SPVOrdm,Spinal nucleus of the trigeminal, oral part, rostral dorsomedial part,0,0,0
46,mfbsma,mammillary related,0,16710,16710
47,PVHam,Paraventricular hypothalamic nucleus, magnocellular division, anterior magnocellular part,0,0,0
48,ACAv,Anterior cingulate area, ventral part,0,154243,154243
49,ipf,intraparafloccular fissure,0,0,0
50,PRC,Precommissural nucleus,10968,0,10968
51,ILM,Intralaminar nuclei of the dorsal thalamus,0,102789,102789
52,ENTl3,Entorhinal area, lateral part, layer 3,84281,0,84281
53,SPVOmdmd,Spinal nucleus of the trigeminal, oral part, middle dorsomedial part, dorsal zone,0,0,0
54,mfb,medial forebrain bundle,3186,0,3186
55,PVHap,Paraventricular hypothalamic nucleus, parvicellular division, anterior parvicellular part,0,0,0
56,ACB,Nucleus accumbens,281489,0,281489
57,pms,paramedian sulcus,0,0,0
58,MT,Medial terminal nucleus of the accessory optic tract,2753,0,2753
59,IMD,Intermediodorsal nucleus of the thalamus,11270,0,11270
60,ENTl6b,Entorhinal area, lateral part, layer 6b,0,0,0
61,SPVOmdmv,Spinal nucleus of the trigeminal, oral part, middle dorsomedial part, ventral zone,0,0,0
62,mlf,medial longitudinal fascicle,9452,0,9452
63,PVHd,Paraventricular hypothalamic nucleus, descending division,8369,0,8369
64,AD,Anterodorsal nucleus,10248,0,10248
65,pfs,parafloccular sulcus,0,0,0
66,LT,Lateral terminal nucleus of the accessory optic tract,1147,0,1147
67,INC,Interstitial nucleus of Cajal,5086,0,5086
68,FRP1,Frontal pole, layer 1,16219,0,16219
69,SPVOvl,Spinal nucleus of the trigeminal, oral part, ventrolateral part,0,0,0
70,mfbsm,midbrain related,0,0,0
71,PVHm,Paraventricular hypothalamic nucleus, magnocellular division,0,0,0
72,ADP,Anterodorsal preoptic nucleus,6385,0,6385
73,VS,ventricular systems,0,382178,382178
74,VISl6a,Lateral visual area, layer 6a,13260,0,13260
75,DT,Dorsal terminal nucleus of the accessory optic tract,725,0,725
76,INV,Interstitial nucleus of the vestibular nerve,0,0,0
77,SPVOcdm,Spinal nucleus of the trigeminal, oral part, caudal dorsomedial part,0,0,0
78,mcp,middle cerebellar peduncle,69910,0,69910
79,PVHmm,Paraventricular hypothalamic nucleus, magnocellular division, medial magnocellular part,0,0,0
80,AHA,Anterior hypothalamic area,0,0,0
81,VL,lateral ventricle,135596,101194,236790
82,NLLd,Nucleus of the lateral lemniscus, dorsal part,0,0,0
83,IO,Inferior olivary complex,32619,0,32619
84,PL6a,Prelimbic area, layer 6a,29663,0,29663
85,sct,spinocerebellar tract,0,0,0
86,mtc,middle thalamic commissure,0,0,0
87,PVHmpd,Paraventricular hypothalamic nucleus, parvicellular division, medial parvicellular part, dorsal zone,0,0,0
88,AHN,Anterior hypothalamic nucleus,45466,0,45466
89,RC,rhinocele,0,0,0
90,NLLh,Nucleus of the lateral lemniscus, horizontal part,0,0,0
91,IP,Interposed nucleus,55134,0,55134
92,ENTl4,Entorhinal area, lateral part, layer 4,0,0,0
93,moV,motor root of the trigeminal nerve,3816,0,3816
94,PVHp,Paraventricular hypothalamic nucleus, parvicellular division,0,0,0
95,AI,Agranular insular area,0,505435,505435
96,DCO,Dorsal cochlear nucleus,39123,0,39123
97,TEa1,Temporal association areas, layer 1,34006,0,34006
98,SEZ,subependymal zone,8738,0,8738
99,NLLv,Nucleus of the lateral lemniscus, ventral part,0,0,0
100,IPN,Interpeduncular nucleus,777,22040,22817
101,VCO,Ventral cochlear nucleus,65124,0,65124
102,nst,nigrostriatal tract,7192,0,7192
103,PVHpm,Paraventricular hypothalamic nucleus, magnocellular division, posterior magnocellular part,0,0,0
104,AId,Agranular insular area, dorsal part,0,238486,238486
105,SOCm,Superior olivary complex, medial part,12516,0,12516
106,ISN,Inferior salivatory nucleus,460,0,460
107,MO1,Somatomotor areas, Layer 1,0,0,0
108,chpl,choroid plexus,92456,0,92456
109,ntt,nigrothalamic fibers,0,0,0
110,PVHpv,Paraventricular hypothalamic nucleus, parvicellular division, periventricular part,0,0,0
111,AIp,Agranular insular area, posterior part,0,155849,155849
112,CNlam,Granular lamina of the cochlear nuclei,0,0,0
113,SSp-ll2/3,Primary somatosensory area, lower limb, layer 2/3,41382,0,41382
114,SOCl,Superior olivary complex, lateral part,21655,0,21655
115,IV,Trochlear nucleus,454,0,454
116,chfl,choroid fissure,0,0,0
117,och,optic chiasm,19633,0,19633
118,PVi,Periventricular hypothalamic nucleus, intermediate part,12826,0,12826
119,AIv,Agranular insular area, ventral part,0,111100,111100
120,AIp1,Agranular insular area, posterior part, layer 1,27060,0,27060
121,VISl6b,Lateral visual area, layer 6b,2465,0,2465
122,POR,Superior olivary complex, periolivary region,23362,0,23362
123,KF,Koelliker-Fuse subnucleus,11222,0,11222
124,IVF,interventricular foramen,0,0,0
125,opt,optic tract,44749,0,44749
126,PVp,Periventricular hypothalamic nucleus, posterior part,8126,0,8126
127,AM,Anteromedial nucleus,0,26289,26289
128,MRN,Midbrain reticular nucleus,329045,0,329045
129,V3,third ventricle,57603,0,57603
130,CSm,Superior central nucleus raphe, medial part,0,0,0
131,LA,Lateral amygdalar nucleus,53680,0,53680
132,PL6b,Prelimbic area, layer 6b,1371,0,1371
133,PVpo,Periventricular hypothalamic nucleus, preoptic part,9158,0,9158
134,ptf,pallidotegmental fascicle,0,0,0
135,AMB,Nucleus ambiguus,0,2763,2763
136,IRN,Intermediate reticular nucleus,177667,0,177667
137,CSl,Superior central nucleus raphe, lateral part,0,0,0
138,LAT,Lateral group of the dorsal thalamus,0,197105,197105
139,ENTl5,Entorhinal area, lateral part, layer 5,91401,0,91401
140,AQ,cerebral aqueduct,25997,0,25997
141,PVR,Periventricular region,0,131182,131182
142,pap,pallidothalamic pathway,0,0,0
143,AMBv,Nucleus ambiguus, ventral division,1404,0,1404
144,OT1-3,Olfactory tubercle, layers 1-3,0,0,0
145,V4,fourth ventricle,32104,29653,61757
146,PRNr,Pontine reticular nucleus,151264,0,151264
147,LC,Locus ceruleus,931,0,931
148,GU4,Gustatory areas, layer 4,9427,0,9427
149,PVT,Paraventricular nucleus of the thalamus,28430,0,28430
150,pvbh,periventricular bundle of the hypothalamus,0,0,0
151,AOB,Accessory olfactory bulb,0,41698,41698
152,PIR1-3,Piriform area, layers 1-3,0,0,0
153,V4r,lateral recess,29653,0,29653
154,PHY,Perihypoglossal nuclei,0,17341,17341
155,LD,Lateral dorsal nucleus of thalamus,65017,0,65017
156,AUDd6a,Dorsal auditory area, layer 6a,11802,0,11802
157,PVZ,Periventricular zone,0,49804,49804
158,pc,posterior commissure,3358,0,3358
159,AON,Anterior olfactory nucleus,311661,0,311661
160,AON1,Anterior olfactory nucleus, layer 1,0,0,0
161,NIS,Nucleus intercalatus,0,0,0
162,LDT,Laterodorsal tegmental nucleus,13054,0,13054
163,AIp2/3,Agranular insular area, posterior part, layer 2/3,51401,0,51401
164,c,central canal, spinal cord/medulla,31,0,31
165,RAmb,Midbrain raphe nuclei,0,47076,47076
166,pmx,premammillary commissure,0,0,0
167,AONd,Anterior olfactory nucleus, dorsal part,0,0,0
168,AON2,Anterior olfactory nucleus, layer 2,0,0,0
169,PRP,Nucleus prepositus,15398,0,15398
170,LGd,Dorsal part of the lateral geniculate complex,0,46226,46226
171,PL1,Prelimbic area, layer 1,33240,0,33240
173,RCH,Retrochiasmatic area,9449,0,9449
174,poc,preoptic commissure,0,0,0
175,AONe,Anterior olfactory nucleus, external part,0,0,0
177,NR,Nucleus of Roller,1943,0,1943
178,LGv,Ventral part of the lateral geniculate complex,25892,0,25892
179,ACA6a,Anterior cingulate area, layer 6a,0,0,0
180,GU2/3,Gustatory areas, layer 2/3,25735,0,25735
181,RE,Nucleus of reuniens,27167,0,27167
182,php,propriohypothalamic pathways,0,0,0
183,AONl,Anterior olfactory nucleus, lateral part,0,0,0
184,FRP,Frontal pole, cerebral cortex,0,62227,62227
185,PPYd,Parapyramidal nucleus, deep part,0,0,0
186,LH,Lateral habenula,22133,0,22133
187,GU5,Gustatory areas, layer 5,34860,0,34860
188,AOBgl,Accessory olfactory bulb, glomerular layer,9886,0,9886
189,RH,Rhomboid nucleus,5829,0,5829
190,py,pyramid,35873,0,35873
191,AONm,Anterior olfactory nucleus, medial part,0,0,0
192,COAa1,Cortical amygdalar area, anterior part, layer 1,0,0,0
193,PPYs,Parapyramidal nucleus, superficial part,0,0,0
194,LHA,Lateral hypothalamic area,132570,0,132570
195,PL2,Prelimbic area, layer 2,0,0,0
196,AOBgr,Accessory olfactory bulb, granular layer,14107,0,14107
197,RL,Rostral linear nucleus raphe,3546,0,3546
198,pyd,pyramidal decussation,4412,0,4412
199,AONpv,Anterior olfactory nucleus, posteroventral part,0,0,0
200,COAa2,Cortical amygdalar area, anterior part, layer 2,0,0,0
201,SSp-bfd2/3,Primary somatosensory area, barrel field, layer 2/3,97044,0,97044
202,MV,Medial vestibular nucleus,116330,0,116330
203,LIN,Linear nucleus of the medulla,3948,0,3948
204,AOBmi,Accessory olfactory bulb, mitral layer,17705,0,17705
205,rstl,retriculospinal tract, lateral part,0,0,0
206,RM,Nucleus raphe magnus,7657,0,7657
207,AP,Area postrema,3397,0,3397
208,COAa3,Cortical amygdalar area, anterior part, layer 3,0,0,0
209,LAV,Lateral vestibular nucleus,18403,0,18403
210,LM,Lateral mammillary nucleus,4951,0,4951
211,ACAd2/3,Anterior cingulate area, dorsal part, layer 2/3,39098,0,39098
212,MOBgl,Main olfactory bulb, glomerular layer,0,0,0
213,rstm,retriculospinal tract, medial part,0,0,0
214,RN,Red nucleus,50443,0,50443
215,APN,Anterior pretectal nucleus,81666,0,81666
216,COApl1,Cortical amygdalar area, posterior part, lateral zone, layer 1,0,0,0
217,SUV,Superior vestibular nucleus,22659,0,22659
218,LP,Lateral posterior nucleus of the thalamus,77053,0,77053
219,MO2/3,Somatomotor areas, Layer 2/3,0,0,0
220,MOBgr,Main olfactory bulb, granule layer,0,0,0
221,rrt,rubroreticular tract,0,0,0
222,RO,Nucleus raphe obscurus,2455,0,2455
223,ARH,Arcuate hypothalamic nucleus,18325,0,18325
224,COApl2,Cortical amygdalar area, posterior part, lateral zone, layer 2,0,0,0
225,SPIV,Spinal vestibular nucleus,47927,0,47927
226,LPO,Lateral preoptic area,35519,0,35519
227,ACA6b,Anterior cingulate area, layer 6b,0,0,0
228,MOBipl,Main olfactory bulb, inner plexiform layer,0,0,0
229,sV,sensory root of the trigeminal nerve,44518,104258,148776
230,RPA,Nucleus raphe pallidus,4336,0,4336
231,AT,Anterior tegmental nucleus,2757,0,2757
232,COApl3,Cortical amygdalar area, posterior part, lateral zone, layer 3,0,0,0
233,VISal5,Anterolateral visual area, layer 5,13011,0,13011
234,TEa4,Temporal association areas, layer 4,19976,0,19976
235,LRN,Lateral reticular nucleus,0,36465,36465
236,MOBmi,Main olfactory bulb, mitral layer,0,0,0
237,ts,solitary tract,599,0,599
238,RPO,Nucleus raphe pontis,6164,0,6164
239,ATN,Anterior group of the dorsal thalamus,0,138143,138143
240,COApm1,Cortical amygdalar area, posterior part, medial zone, layer 1,0,0,0
241,PTLp2/3,Posterior parietal association areas, layer 2/3,0,0,0
242,LS,Lateral septal nucleus,0,195287,195287
243,AUDd6b,Dorsal auditory area, layer 6b,1938,0,1938
244,MOBopl,Main olfactory bulb, outer plexiform layer,0,0,0
245,scrt,spinocervical tract,0,0,0
246,RR,Midbrain reticular nucleus, retrorubral area,8846,0,8846
247,AUD,Auditory areas,0,371255,371255
248,COApm2,Cortical amygdalar area, posterior part, medial zone, layer 2,0,0,0
249,AUDpo6a,Posterior auditory area, layer 6a,5049,0,5049
250,LSc,Lateral septal nucleus, caudal (caudodorsal) part,36018,0,36018
251,AUDp2/3,Primary auditory area, layer 2/3,30166,0,30166
252,AUDd5,Dorsal auditory area, layer 5,21944,0,21944
253,shp,spinohypothalamic pathway,0,0,0
254,RSP,Retrosplenial area,0,672063,672063
255,AV,Anteroventral nucleus of thalamus,26622,0,26622
256,COApm3,Cortical amygdalar area, posterior part, medial zone, layer 3,0,0,0
257,VISpm6a,posteromedial visual area, layer 6a,9662,0,9662
258,LSr,Lateral septal nucleus, rostral (rostroventral) part,120383,0,120383
259,ENTmv1,Entorhinal area, medial part, ventral zone, layer 1,0,0,0
260,NLOT1,Nucleus of the lateral olfactory tract, molecular layer,7131,0,7131
261,sop,spino-olivary pathway,0,0,0
262,RT,Reticular nucleus of the thalamus,92624,0,92624
263,AVP,Anteroventral preoptic nucleus,5898,0,5898
264,ORB1,Orbital area, layer 1,0,0,0
266,LSv,Lateral septal nucleus, ventral part,38886,0,38886
267,DP6a,Dorsal peduncular area, layer 6a,0,0,0
268,NLOT2,Nucleus of the lateral olfactory tract, pyramidal layer,9563,0,9563
269,VISpl2/3,Posterolateral visual area, layer 2/3,13341,0,13341
270,srp,spinoreticular pathway,0,0,0
271,SAG,Nucleus sagulum,6286,0,6286
272,AVPV,Anteroventral periventricular nucleus,11711,0,11711
274,RSPd6a,Retrosplenial area, dorsal part, layer 6a,48445,0,48445
275,LSX,Lateral septal complex,0,228015,228015
276,PIR1,Piriform area, molecular layer,0,0,0
277,stp,spinotectal pathway,0,0,0
278,sAMY,Striatum-like amygdalar nuclei,0,259061,259061
279,RSPagl6b,Retrosplenial area, lateral agranular part, layer 6b,2311,0,2311
280,B,Barrington's nucleus,994,0,994
281,VISam1,Anteromedial visual area, layer 1,8602,0,8602
283,LTN,Lateral tegmental nucleus,0,0,0
284,PIR2,Piriform area, pyramidal layer,0,0,0
285,step,spinotelenchephalic pathway,0,0,0
286,SCH,Suprachiasmatic nucleus,4229,0,4229
287,BAC,Bed nucleus of the anterior commissure,483,0,483
288,ORBvl2/3,Orbital area, ventrolateral part, layer 2/3,33502,0,33502
289,TEa5,Temporal association areas, layer 5,60878,0,60878
290,LZ,Hypothalamic lateral zone,0,363918,363918
291,PIR3,Piriform area, polymorph layer,0,0,0
292,BA,Bed nucleus of the accessory olfactory tract,1603,0,1603
293,svp,spinovestibular pathway,0,0,0
294,SCm,Superior colliculus, motor related,0,362060,362060
295,BLA,Basolateral amygdalar nucleus,0,121613,121613
296,ACAv2/3,Anterior cingulate area, ventral part, layer 2/3,32601,0,32601
297,TTd1-4,Taenia tecta, dorsal part, layers 1-4,0,0,0
298,MA,Magnocellular nucleus,23333,0,23333
299,MO5,Somatomotor areas, Layer 5,0,0,0
300,LGvl,Ventral part of the lateral geniculate complex, lateral zone,0,0,0
301,st,stria terminalis,19601,2270,21871
302,SCs,Superior colliculus, sensory related,0,138134,138134
303,BLAa,Basolateral amygdalar nucleus, anterior part,49305,0,49305
304,PL2/3,Prelimbic area, layer 2/3,26811,0,26811
305,VISp6b,Primary visual area, layer 6b,10644,0,10644
306,TTv1-3,Taenia tecta, ventral part, layers 1-3,0,0,0
307,MARN,Magnocellular reticular nucleus,34099,0,34099
308,PTLp6a,Posterior parietal association areas, layer 6a,0,0,0
309,snp,striatonigral pathway,0,0,0
310,SF,Septofimbrial nucleus,30348,0,30348
311,BLAp,Basolateral amygdalar nucleus, posterior part,45512,0,45512
312,ENTl4/5,Entorhinal area, lateral part, layer 4/5,0,0,0
313,MB,Midbrain,433116,1918606,2351722
314,AIp6a,Agranular insular area, posterior part, layer 6a,27900,0,27900
315,Isocortex,Isocortex,0,7891055,7891055
316,LGvm,Ventral part of the lateral geniculate complex, medial zone,0,0,0
317,stf,subthalamic fascicle,0,0,0
318,SG,Supragenual nucleus,1111,0,1111
319,BMA,Basomedial amygdalar nucleus,0,95068,95068
320,MOp1,Primary motor area, Layer 1,85116,0,85116
321,SubG,Subgeniculate nucleus,1725,0,1725
322,SSp,Primary somatosensory area,0,1555772,1555772
323,MBmot,Midbrain, motor related,0,1362923,1362923
324,ENTmv2,Entorhinal area, medial part, ventral zone, layer 2,0,0,0
325,SGN,Suprageniculate nucleus,11633,0,11633
326,scp,superior cerebelar peduncles,28133,26698,54831
327,BMAa,Basomedial amygdalar nucleus, anterior part,49159,0,49159
328,AId2/3,Agranular insular area, dorsal part, layer 2/3,59244,0,59244
329,SSp-bfd,Primary somatosensory area, barrel field,0,402576,402576
330,RSPd6b,Retrosplenial area, dorsal part, layer 6b,2047,0,2047
331,MBO,Mammillary body,0,65031,65031
332,ASO,Accessory supraoptic group,388,0,388
333,SH,Septohippocampal nucleus,2380,0,2380
334,BMAp,Basomedial amygdalar nucleus, posterior part,45909,0,45909
335,PERI6a,Perirhinal area, layer 6a,3437,0,3437
336,csc,superior colliculus commissure,1753,0,1753
337,SSp-ll,Primary somatosensory area, lower limb,0,150565,150565
338,SFO,Subfornical organ,1382,0,1382
339,MBsen,Midbrain, sensory related,0,438991,438991
340,PTLp6b,Posterior parietal association areas, layer 6b,0,0,0
341,smd,supramammillary decussation,0,0,0
342,SI,Substantia innominata,193782,0,193782
343,BS,Brain stem,0,7673271,7673271
344,AIp5,Agranular insular area, posterior part, layer 5,48165,0,48165
345,SSp-m,Primary somatosensory area, mouth,0,397621,397621
346,SSp2/3,Primary somatosensory area, layer 2/3,0,0,0
347,SBPV,Subparaventricular zone,7008,0,7008
348,MBsta,Midbrain, behavioral state related,0,116692,116692
349,sup,supraoptic commissures,1672,0,1672
350,SLC,Subceruleus nucleus,1694,0,1694
351,BST,Bed nuclei of the stria terminalis,85792,0,85792
352,ORB5,Orbital area, layer 5,0,0,0
353,SSp-n,Primary somatosensory area, nose,0,193233,193233
354,MY,Medulla,340254,1641724,1981978
355,AIp6b,Agranular insular area, posterior part, layer 6b,1323,0,1323
356,PST,Preparasubthalamic nucleus,816,0,816
357,ttp,tectothalamic pathway,0,0,0
358,SLD,Sublaterodorsal nucleus,3015,0,3015
359,BSTa,Bed nuclei of the stria terminalis, anterior division,0,0,0
360,DP2/3,Dorsal peduncular area, layer 2/3,0,0,0
361,SSp-tr,Primary somatosensory area, trunk,0,89647,89647
362,MD,Mediodorsal nucleus of thalamus,88198,0,88198
363,PL5,Prelimbic area, layer 5,63042,0,63042
364,PSTN,Parasubthalamic nucleus,10628,0,10628
365,tp,thalamic peduncles,0,0,0
366,SMT,Submedial nucleus of the thalamus,19682,0,19682
367,BSTp,Bed nuclei of the stria terminalis, posterior division,0,0,0
368,PERI6b,Perirhinal area, layer 6b,843,0,843
369,SSp-ul,Primary somatosensory area, upper limb,0,241336,241336
370,MY-mot,Medulla, motor related,0,1119368,1119368
371,ENTmv3,Entorhinal area, medial part, ventral zone, layer 3,0,0,0
372,ICB,Infracerebellar nucleus,3458,0,3458
373,tct,trigeminocerebellar tract,0,0,0
374,SNc,Substantia nigra, compact part,12629,0,12629
375,CA,Ammon's horn,0,1084697,1084697
376,COApl1-3,Cortical amygdalar area, posterior part, lateral zone, layers 1-3,0,0,0
377,VISpl6a,Posterolateral visual area, layer 6a,6870,0,6870
378,SSs,Supplemental somatosensory area,0,577488,577488
379,MY-sat,Medulla, behavioral state related,0,14448,14448
380,cuf,cuneate fascicle,1427,0,1427
381,SNr,Substantia nigra, reticular part,99080,0,99080
382,CA1,Field CA1,653391,0,653391
383,COApm1-3,Cortical amygdalar area, posterior part, medial zone, layers 1-3,0,0,0
384,IVd,trochlear nerve decussation,0,0,0
385,VISp,Primary visual area,0,452664,452664
386,MY-sen,Medulla, sensory related,0,507908,507908
387,ENTl5/6,Entorhinal area, lateral part, layer 5/6,0,0,0
388,grf,gracile fascicle,0,0,0
389,sttv,ventral spinothalamic tract,0,0,0
390,SO,Supraoptic nucleus,2998,0,2998
391,CA1slm,Field CA1, stratum lacunosum-moleculare,0,0,0
392,NLOT1-3,Nucleus of the lateral olfactory tract, layers 1-3,0,0,0
393,VISpl6b,Posterolateral visual area, layer 6b,551,0,551
394,VISam,Anteromedial visual area,0,50601,50601
395,MDRN,Medullary reticular nucleus,0,130048,130048
396,iaf,internal arcuate fibers,0,0,0
397,vtd,ventral tegmental decussation,2380,0,2380
398,SOC,Superior olivary complex,0,57533,57533
399,CA1so,Field CA1, stratum oriens,0,0,0
400,PAA1-3,Piriform-amygdalar area, layers 1-3,0,0,0
401,VISam4,Anteromedial visual area, layer 4,3859,0,3859
402,VISal,Anterolateral visual area,0,48435,48435
403,MEA,Medial amygdalar nucleus,129772,0,129772
404,oct,olivocerebellar tract,0,0,0
405,vlt,ventrolateral hypothalamic tract,0,0,0
406,SPF,Subparafascicular nucleus,0,13046,13046
407,CA1sp,Field CA1, pyramidal layer,0,0,0
408,PAA1,Piriform-amygdalar area, molecular layer,0,0,0
409,VISl,Lateral visual area,0,78459,78459
410,rct,reticulocerebellar tract,0,0,0
411,MEAad,Medial amygdalar nucleus, anterodorsal part,0,0,0
412,ORBl2/3,Orbital area, lateral part, layer 2/3,39769,0,39769
413,vVIIIn,vestibular nerve,16023,0,16023
414,SPFm,Subparafascicular nucleus, magnocellular part,4449,0,4449
415,CA1sr,Field CA1, stratum radiatum,0,0,0
416,PAA2,Piriform-amygdalar area, pyramidal layer,0,0,0
417,VISrl,Rostrolateral visual area,0,65025,65025
418,MEAav,Medial amygdalar nucleus, anteroventral part,0,0,0
419,ENTmv4,Entorhinal area, medial part, ventral zone, layer 4,0,0,0
420,db,precommissural fornix diagonal band,0,0,0
421,VISl1,Lateral visual area, layer 1,11854,0,11854
422,SPFp,Subparafascicular nucleus, parvicellular part,8597,0,8597
423,CA2,Field CA2,30421,0,30421
424,PAA3,Piriform-amygdalar area, polymorph layer,0,0,0
425,VISpl,Posterolateral visual area,0,50745,50745
426,MEApd,Medial amygdalar nucleus, posterodorsal part,0,0,0
427,ECT2/3,Ectorhinal area/Layer 2/3,30445,0,30445
428,mct,medial corticohypothalamic tract,522,0,522
429,SPVC,Spinal nucleus of the trigeminal, caudal part,107628,0,107628
430,RSPv2/3,Retrosplenial area, ventral part, layer 2/3,65218,0,65218
431,CA2slm,Field CA2, stratum lacunosum-moleculare,0,0,0
432,NC,Nucleus circularis,0,0,0
433,VISam5,Anteromedial visual area, layer 5,14542,0,14542
434,RSPd2/3,Retrosplenial area, dorsal part, layer 2/3,62330,0,62330
435,MEApv,Medial amygdalar nucleus, posteroventral part,0,0,0
436,fx,columns of the fornix,17218,0,17218
437,SPVI,Spinal nucleus of the trigeminal, interpolar part,118142,0,118142
438,CA2so,Field CA2, stratum oriens,0,0,0
439,PVHdp,Paraventricular hypothalamic nucleus, descending division, dorsal parvicellular part,0,0,0
440,ORBl6a,Orbital area, lateral part, layer 6a,30562,0,30562
441,VISam6b,Anteromedial visual area, layer 6b,1595,0,1595
442,RSPd1,Retrosplenial area, dorsal part, layer 1,52969,0,52969
443,dhc,dorsal hippocampal commissure,61033,0,61033
444,MED,Medial group of the dorsal thalamus,0,128847,128847
445,SPVO,Spinal nucleus of the trigeminal, oral part,63978,0,63978
446,CA2sp,Field CA2, pyramidal layer,0,0,0
447,PVHf,Paraventricular hypothalamic nucleus, descending division, forniceal part,0,0,0
448,ORBl1,Orbital area, lateral part, layer 1,24007,0,24007
449,vhc,ventral hippocampal commissure,4226,0,4226
450,SSp-ul1,Primary somatosensory area, upper limb, layer 1,29562,0,29562
451,BLAv,Basolateral amygdalar nucleus, ventral part,26796,0,26796
452,MEPO,Median preoptic nucleus,2595,0,2595
453,SS,Somatosensory areas,0,2133260,2133260
454,CA2sr,Field CA2, stratum radiatum,0,0,0
455,PVHlp,Paraventricular hypothalamic nucleus, descending division, lateral parvicellular part,0,0,0
456,AUDpo6b,Posterior auditory area, layer 6b,1140,0,1140
457,VIS6a,Visual areas, layer 6a,0,0,0
458,OT1,Olfactory tubercle, molecular layer,0,0,0
459,aolt,accessory olfactory tract,0,0,0
460,MEV,Midbrain trigeminal nucleus,606,0,606
461,SSp-tr6b,Primary somatosensory area, trunk, layer 6b,2195,0,2195
462,SSN,Superior salivatory nucleus,0,0,0
463,CA3,Field CA3,400885,0,400885
464,PVHmpv,Paraventricular hypothalamic nucleus, descending division, medial parvicellular part, ventral zone,0,0,0
465,OT2,Olfactory tubercle, pyramidal layer,0,0,0
466,alv,alveus,89379,0,89379
467,MEZ,Hypothalamic medial zone,0,246143,246143
468,ENTm2a,Entorhinal area, medial part, dorsal zone, layer 2a,0,0,0
469,VISpm6b,posteromedial visual area, layer 6b,1794,0,1794
470,STN,Subthalamic nucleus,12463,0,12463
471,CA3slm,Field CA3, stratum lacunosum-moleculare,0,0,0
472,MEApd-a,Medial amygdalar nucleus, posterodorsal part, sublayer a,0,0,0
473,OT3,Olfactory tubercle, polymorph layer,0,0,0
474,ab,angular path,0,0,0
475,MG,Medial geniculate complex,0,44779,44779
476,ORB6a,Orbital area, layer 6a,0,0,0
477,STR,Striatum,171564,2705856,2877420
478,SSp-ll6a,Primary somatosensory area, lower limb, layer 6a,33771,0,33771
479,CA3slu,Field CA3, stratum lucidum,0,0,0
480,MEApd-b,Medial amygdalar nucleus, posterodorsal part, sublayer b,0,0,0
481,isl,Islands of Calleja,0,0,0
482,bic,brachium of the inferior colliculus,15797,0,15797
483,MH,Medial habenula,20492,0,20492
484,ORBm1,Orbital area, medial part, layer 1,26955,0,26955
485,STRd,Striatum dorsal region,0,1665238,1665238
486,CA3so,Field CA3, stratum oriens,0,0,0
487,MEApd-c,Medial amygdalar nucleus, posterodorsal part, sublayer c,0,0,0
488,ORBl6b,Orbital area, lateral part, layer 6b,2906,0,2906
489,islm,Major island of Calleja,0,0,0
490,bct,bulbocerebellar tract,0,0,0
491,MM,Medial mammillary nucleus,0,34601,34601
492,ORB2/3,Orbital area, layer 2/3,0,0,0
493,STRv,Striatum ventral region,0,553542,553542
494,SCig-a,Superior colliculus, motor related, intermediate gray layer, sublayer a,0,0,0
495,CA3sp,Field CA3, pyramidal layer,0,0,0
496,DP1,Dorsal peduncular area, layer 1,0,0,0
497,VIS6b,Visual areas, layer 6b,0,0,0
498,BSTam,Bed nuclei of the stria terminalis, anterior division, anteromedial area,0,0,0
499,cct,cuneocerebellar tract,0,0,0
500,MO,Somatomotor areas,0,1565276,1565276
501,VISpm4,posteromedial visual area, layer 4,6309,0,6309
502,SUB,Subiculum,134629,0,134629
503,SCig-b,Superior colliculus, motor related, intermediate gray layer, sublayer b,0,0,0
504,CA3sr,Field CA3, stratum radiatum,0,0,0
505,BSTdm,Bed nuclei of the stria terminalis, anterior division, dorsomedial nucleus,0,0,0
506,das,dorsal acoustic stria,773,0,773
507,MOB,Main olfactory bulb,1053648,0,1053648
508,ENTm2b,Entorhinal area, medial part, dorsal zone, layer 2b,0,0,0
509,SUBd,Subiculum, dorsal part,0,0,0
510,SSp-ll6b,Primary somatosensory area, lower limb, layer 6b,3223,0,3223
511,SCig-c,Superior colliculus, motor related, intermediate gray layer, sublayer c,0,0,0
512,CB,Cerebellum,52787,3392286,3445073
513,BSTfu,Bed nuclei of the stria terminalis, anterior division, fusiform nucleus,0,0,0
514,dc,dorsal column,0,1427,1427
515,MPN,Medial preoptic nucleus,25896,0,25896
516,ORB6b,Orbital area, layer 6b,0,0,0
517,TR1-3,Postpiriform transition area, layers 1-3,0,0,0
518,SUBv,Subiculum, ventral part,0,0,0
519,CBN,Cerebellar nuclei,0,114157,114157
520,AUDv6a,Ventral auditory area, layer 6a,18104,0,18104
521,BSTmg,Bed nuclei of the stria terminalis, anterior division, magnocellular nucleus,0,0,0
522,dcm,dorsal commissure of the spinal cord,0,0,0
523,MPO,Medial preoptic area,35645,0,35645
524,ORBm2,Orbital area, medial part, layer 2,0,0,0
525,SUM,Supramammillary nucleus,16305,0,16305
526,ENTm1,Entorhinal area, medial part, dorsal zone, layer 1,79710,0,79710
527,AUDd1,Dorsal auditory area, layer 1,12598,0,12598
528,CBX,Cerebellar cortex,0,3278129,3278129
529,BSTv,Bed nuclei of the stria terminalis, anterior division, ventral nucleus,0,0,0
530,df,dorsal fornix,2395,0,2395
531,MPT,Medial pretectal area,2821,0,2821
532,PTLp1,Posterior parietal association areas, layer 1,0,0,0
533,VISpm,posteromedial visual area,0,66859,66859
534,SUT,Supratrigeminal nucleus,16640,0,16640
535,DP2,Dorsal peduncular area, layer 2,0,0,0
536,CEA,Central amygdalar nucleus,0,84333,84333
537,BSTal,Bed nuclei of the stria terminalis, anterior division, anterolateral area,0,0,0
538,lotd,dorsal limb,10048,0,10048
539,MRNm,Midbrain reticular nucleus, magnocellular part,0,0,0
540,PERI1,Perirhinal area, layer 1,14224,0,14224
541,TEa,Temporal association areas,0,198801,198801
542,RSPv1,Retrosplenial area, ventral part, layer 1,60568,0,60568
543,ENTm2,Entorhinal area, medial part, dorsal zone, layer 2,80671,0,80671
544,CEAc,Central amygdalar nucleus, capsular part,19807,0,19807
545,RSPd4,Retrosplenial area, dorsal part, layer 4,0,0,0
546,BSTju,Bed nuclei of the stria terminalis, anterior division, juxtacapsular nucleus,0,0,0
547,dlf,dorsal longitudinal fascicle,0,0,0
548,MRNmg,Midbrain reticular nucleus, magnocellular part, general,0,0,0
549,TH,Thalamus,58834,1238878,1297712
550,ENTm5/6,Entorhinal area, medial part, dorsal zone, layer 5/6,0,0,0
551,CEAl,Central amygdalar nucleus, lateral part,16635,0,16635
552,PRNv,Pontine reticular nucleus, ventral part,0,0,0
553,sctd,dorsal spinocerebellar tract,9396,0,9396
554,BSTov,Bed nuclei of the stria terminalis, anterior division, oval nucleus,0,0,0
555,MRNp,Midbrain reticular nucleus, parvicellular part,0,0,0
556,ILA2/3,Infralimbic area, layer 2/3,9157,0,9157
557,TM,Tuberomammillary nucleus,0,9174,9174
558,SSp-n1,Primary somatosensory area, nose, layer 1,25941,0,25941
559,CEAm,Central amygdalar nucleus, medial part,47891,0,47891
560,CNspg,Cochlear nucleus, subpedunclular granular region,0,0,0
561,VIS2/3,Visual areas, layer 2/3,0,0,0
562,BSTrh,Bed nuclei of the stria terminalis, anterior division, rhomboid nucleus,0,0,0
563,dtt,dorsal tegmental tract,0,0,0
564,MS,Medial septal nucleus,26547,0,26547
565,VISpm5,posteromedial visual area, layer 5,18275,0,18275
566,TR,Postpiriform transition area,89508,0,89508
567,CH,Cerebrum,0,17656111,17656111
568,ACVI,Accessory abducens nucleus,0,0,0
569,BSTd,Bed nuclei of the stria terminalis, posterior division, dorsal nucleus,0,0,0
570,dl,dorsolateral fascicle,0,0,0
571,MTN,Midline group of the dorsal thalamus,0,75891,75891
572,ACA1,Anterior cingulate area, layer 1,0,0,0
573,VISl4,Lateral visual area, layer 4,11472,0,11472
574,TRN,Tegmental reticular nucleus,44144,0,44144
575,CL,Central lateral nucleus of the thalamus,23142,0,23142
576,ACVII,Accessory facial motor nucleus,353,0,353
577,SSp-ul4,Primary somatosensory area, upper limb, layer 4,33490,0,33490
578,BSTpr,Bed nuclei of the stria terminalis, posterior division, principal nucleus,0,0,0
579,ec,external capsule,56036,0,56036
580,NB,Nucleus of the brachium of the inferior colliculus,5607,0,5607
581,TRS,Triangular nucleus of septum,22804,0,22804
582,ORBm2/3,Orbital area, medial part, layer 2/3,20153,0,20153
583,CLA,Claustrum,35283,0,35283
584,COApl1-2,Cortical amygdalar area, posterior part, lateral zone, layers 1-2,0,0,0
585,BSTif,Bed nuclei of the stria terminalis, posterior division, interfascicular nucleus,0,0,0
586,fpr,fasciculus proprius,0,0,0
587,ND,Nucleus of Darkschewitsch,5871,0,5871
588,ACAv1,Anterior cingulate area, ventral part, layer 1,30297,0,30297
589,TT,Taenia tecta,0,92431,92431
590,RSPv6a,Retrosplenial area, ventral part, layer 6a,42175,0,42175
591,CLI,Central linear nucleus raphe,5340,0,5340
592,COApm1-2,Cortical amygdalar area, posterior part, medial zone, layers 1-2,0,0,0
593,VISp1,Primary visual area, layer 1,80747,0,80747
594,BSTtr,Bed nuclei of the stria terminalis, posterior division, transverse nucleus,0,0,0
595,fr,fasciculus retroflexus,10681,0,10681
596,NDB,Diagonal band nucleus,47280,0,47280
597,TTd,Taenia tecta, dorsal part,46375,0,46375
598,AUDv6b,Ventral auditory area, layer 6b,2896,0,2896
599,CM,Central medial nucleus of the thalamus,15985,0,15985
600,AUDd2/3,Dorsal auditory area, layer 2/3,20957,0,20957
601,VISal6a,Anterolateral visual area, layer 6a,7147,0,7147
602,BSTse,Bed nuclei of the stria terminalis, posterior division, strial extension,0,0,0
603,fi,fimbria,96935,0,96935
604,NI,Nucleus incertus,6776,0,6776
605,TTv,Taenia tecta, ventral part,46056,0,46056
606,RSPv2,Retrosplenial area, ventral part, layer 2,0,0,0
607,CN,Cochlear nuclei,0,104247,104247
608,ORBvl6a,Orbital area, ventrolateral part, layer 6a,15242,0,15242
609,SPA,Subparafascicular area,8454,0,8454
610,RSPd5,Retrosplenial area, dorsal part, layer 5,77137,0,77137
611,hbc,habenular commissure,3041,0,3041
612,NLL,Nucleus of the lateral lemniscus,46328,0,46328
613,VISl5,Lateral visual area, layer 5,20110,0,20110
614,TU,Tuberal nucleus,33500,0,33500
615,SNl,Substantia nigra, lateral part,0,0,0
616,CUN,Cuneiform nucleus,35272,0,35272
617,MDc,Mediodorsal nucleus of the thalamus, central part,0,0,0
618,hc,hippocampal commissures,0,65259,65259
619,NLOT,Nucleus of the lateral olfactory tract,0,20395,20395
620,ORBm5,Orbital area, medial part, layer 5,30184,0,30184
621,V,Motor nucleus of trigeminal,22692,0,22692
622,RSPv6b,Retrosplenial area, ventral part, layer 6b,3121,0,3121
623,CNU,Cerebral nuclei,0,3476934,3476934
624,IPF,Interpeduncular fossa,0,0,0
625,SSp-ul5,Primary somatosensory area, upper limb, layer 5,50676,0,50676
626,MDl,Mediodorsal nucleus of the thalamus, lateral part,0,0,0
627,hht,hypothalamohypophysial tract,0,0,0
628,NOT,Nucleus of the optic tract,13159,0,13159
629,VAL,Ventral anterior-lateral complex of the thalamus,52314,0,52314
630,ORBl5,Orbital area, lateral part, layer 5,77287,0,77287
631,COA,Cortical amygdalar area,0,208963,208963
632,DG-sg,Dentate gyrus, granule cell layer,102543,0,102543
633,cic,inferior colliculus commissure,1152,0,1152
634,NPC,Nucleus of the posterior commissure,18484,0,18484
635,PTLp4,Posterior parietal association areas, layer 4,0,0,0
636,MDm,Mediodorsal nucleus of the thalamus, medial part,0,0,0
637,VENT,Ventral group of the dorsal thalamus,0,310937,310937
638,GU6a,Gustatory areas, layer 6a,28068,0,28068
639,COAa,Cortical amygdalar area, anterior part,49142,0,49142
640,EV,Efferent vestibular nucleus,0,0,0
641,ias,intermediate acoustic stria,0,0,0
642,NTB,Nucleus of the trapezoid body,9895,0,9895
643,AUDpo2/3,Posterior auditory area, layer 2/3,9377,0,9377
644,MO6a,Somatomotor areas, Layer 6a,0,0,0
645,VERM,Vermal regions,0,1297102,1297102
646,DP5,Dorsal peduncular area, layer 5,0,0,0
647,COAp,Cortical amygdalar area, posterior part,0,159821,159821
648,MOp5,Primary motor area, Layer 5,209457,0,209457
649,VISal6b,Anterolateral visual area, layer 6b,1422,0,1422
650,jrb,juxtarestiform body,0,0,0
651,NTS,Nucleus of the solitary tract,54354,0,54354
652,PVHpml,Paraventricular hypothalamic nucleus, magnocellular division, posterior magnocellular part, lateral zone,0,0,0
653,VI,Abducens nucleus,1949,0,1949
654,SSp-n4,Primary somatosensory area, nose, layer 4,35076,0,35076
655,COApl,Cortical amygdalar area, posterior part, lateral zone,76930,0,76930
656,MOs1,Secondary motor area, layer 1,148747,0,148747
657,SSp-m2/3,Primary somatosensory area, mouth, layer 2/3,95921,0,95921
658,ll,lateral lemniscus,53354,0,53354
659,NTSce,Nucleus of the solitary tract, central part,0,0,0
660,PVHpmm,Paraventricular hypothalamic nucleus, magnocellular division, posterior magnocellular part, medial zone,0,0,0
661,VII,Facial motor nucleus,58708,0,58708
662,GU6b,Gustatory areas, layer 6b,2518,0,2518
663,COApm,Cortical amygdalar area, posterior part, medial zone,82891,0,82891
664,ENTm3,Entorhinal area, medial part, dorsal zone, layer 3,62938,0,62938
665,lot,lateral olfactory tract, body,57927,0,57927
666,NTSco,Nucleus of the solitary tract, commissural part,0,0,0
667,FRP2/3,Frontal pole, layer 2/3,14978,0,14978
668,DMHa,Dorsomedial nucleus of the hypothalamus, anterior part,0,0,0
669,VIS,Visual areas,0,861383,861383
670,SSp-tr2/3,Primary somatosensory area, trunk, layer 2/3,27121,0,27121
671,RSPagl1,Retrosplenial area, lateral agranular part, layer 1,32392,0,32392
672,CP,Caudoputamen,1665238,0,1665238
673,mp,mammillary peduncle,2062,0,2062
674,NTSge,Nucleus of the solitary tract, gelatinous part,0,0,0
675,AIv6a,Agranular insular area, ventral part, layer 6a,10733,0,10733
676,DMHp,Dorsomedial nucleus of the hypothalamus, posterior part,0,0,0
677,VISC,Visceral area,0,150619,150619
678,AUDd4,Dorsal auditory area, layer 4,8479,0,8479
679,CS,Superior central nucleus raphe,38338,0,38338
680,ORBvl6b,Orbital area, ventrolateral part, layer 6b,647,0,647
681,mtg,mammillotegmental tract,4241,0,4241
682,NTSl,Nucleus of the solitary tract, lateral part,0,0,0
683,PTLp5,Posterior parietal association areas, layer 5,0,0,0
684,DMHv,Dorsomedial nucleus of the hypothalamus, ventral part,0,0,0
685,VM,Ventral medial nucleus of the thalamus,59299,0,59299
686,SSp6a,Primary somatosensory area, layer 6a,0,0,0
687,RSPv5,Retrosplenial area, ventral part, layer 5,107310,0,107310
688,CTX,Cerebral cortex,0,14179177,14179177
689,VLPO,Ventrolateral preoptic nucleus,4291,0,4291
690,mtt,mammillothalamic tract,8280,0,8280
691,NTSm,Nucleus of the solitary tract, medial part,0,0,0
692,PERI5,Perirhinal area, layer 5,10756,0,10756
693,VMH,Ventromedial hypothalamic nucleus,35169,0,35169
694,AIv2/3,Agranular insular area, ventral part, layer 2/3,38034,0,38034
695,CTXpl,Cortical plate,0,13609203,13609203
696,AUDpo1,Posterior auditory area, layer 1,7221,0,7221
697,ml,medial lemniscus,42533,0,42533
698,OLF,Olfactory areas,321881,2666862,2988743
699,AIv6b,Agranular insular area, ventral part, layer 6b,194,0,194
700,AHNa,Anterior hypothalamic nucleus, anterior part,0,0,0
701,VNC,Vestibular nuclei,0,205319,205319
702,SSp-n5,Primary somatosensory area, nose, layer 5,36290,0,36290
703,CTXsp,Cortical subplate,23955,546019,569974
704,AIv1,Agranular insular area, ventral part, layer 1,16036,0,16036
705,mtV,midbrain tract of the trigeminal nerve,0,0,0
706,OP,Olivary pretectal nucleus,3733,0,3733
707,ILA1,Infralimbic area, layer 1,9609,0,9609
708,AHNc,Anterior hypothalamic nucleus, central part,0,0,0
709,VP,Ventral posterior complex of the thalamus,0,181415,181415
710,VIn,abducens nerve,0,0,0
711,CU,Cuneate nucleus,21342,0,21342
712,ENTm4,Entorhinal area, medial part, dorsal zone, layer 4,0,0,0
713,per,perforant path,0,0,0
714,ORB,Orbital area,0,377720,377720
715,ENTl2a,Entorhinal area, lateral part, layer 2a,0,0,0
716,AHNd,Anterior hypothalamic nucleus, dorsal part,0,0,0
717,XIn,accessory spinal nerve,0,0,0
718,VPL,Ventral posterolateral nucleus of the thalamus,56111,0,56111
719,SSp6b,Primary somatosensory area, layer 6b,0,0,0
720,DCN,Dorsal column nuclei,0,26574,26574
721,VISp4,Primary visual area, layer 4,65560,0,65560
722,pvbt,periventricular bundle of the thalamus,0,0,0
723,ORBl,Orbital area, lateral part,0,174531,174531
724,AHNp,Anterior hypothalamic nucleus, posterior part,0,0,0
725,VPLpc,Ventral posterolateral nucleus of the thalamus, parvicellular part,6326,0,6326
726,DG,Dentate gyrus,0,422237,422237
727,ENTm5,Entorhinal area, medial part, dorsal zone, layer 5,58465,0,58465
728,arb,arbor vitae,442961,0,442961
729,TEa6a,Temporal association areas, layer 6a,33590,0,33590
730,PIS,pineal stalk,0,0,0
731,ORBm,Orbital area, medial part,0,89466,89466
732,MMme,Medial mammillary nucleus, median part,4967,0,4967
733,VPM,Ventral posteromedial nucleus of the thalamus,105262,0,105262
734,DGcr,Dentate gyrus crest,0,0,0
735,AUDp1,Primary auditory area, layer 1,24226,0,24226
736,ctb,central tegmental bundle,0,0,0
737,fxpo,postcommissural fornix,0,17740,17740
738,ORBv,Orbital area, ventral part,0,0,0
739,ACA5,Anterior cingulate area, layer 5,0,0,0
740,MPNc,Medial preoptic nucleus, central part,0,0,0
741,VPMpc,Ventral posteromedial nucleus of the thalamus, parvicellular part,13716,0,13716
742,DGcr-mo,Dentate gyrus crest, molecular layer,0,0,0
743,ENTm6,Entorhinal area, medial part, dorsal zone, layer 6,40183,0,40183
744,cbc,cerebellar commissure,4378,0,4378
745,fxprg,precommissural fornix, general,0,0,0
746,ORBvl,Orbital area, ventrolateral part,0,113723,113723
747,ILA2,Infralimbic area, layer 2,0,0,0
748,MPNl,Medial preoptic nucleus, lateral part,0,0,0
749,VTA,Ventral tegmental area,27365,0,27365
750,VISpl1,Posterolateral visual area, layer 1,12115,0,12115
751,DGcr-po,Dentate gyrus crest, polymorph layer,0,0,0
752,cbp,cerebellar peduncles,0,180381,180381
753,pm,principal mammillary tract,2127,0,2127
754,OT,Olfactory tubercle,244420,0,244420
755,AUDv2/3,Ventral auditory area, layer 2/3,24722,0,24722
756,MPNm,Medial preoptic nucleus, medial part,0,0,0
757,VTN,Ventral tegmental nucleus,2418,0,2418
758,DGcr-sg,Dentate gyrus crest, granule cell layer,0,0,0
759,AUDpo4,Posterior auditory area, layer 4,4768,0,4768
760,epsc,cerebral nuclei related,0,7192,7192
761,VMHa,Ventromedial hypothalamic nucleus, anterior part,0,0,0
762,phpd,propriohypothalamic pathways, dorsal,0,0,0
763,OV,Vascular organ of the lamina terminalis,560,0,560
764,ENTl2b,Entorhinal area, lateral part, layer 2b,0,0,0
765,x,Nucleus x,3646,0,3646
766,DGlb,Dentate gyrus lateral blade,0,0,0
767,MOs5,Secondary motor area, layer 5,289459,0,289459
768,mfbc,cerebrum related,0,398629,398629
769,VMHc,Ventromedial hypothalamic nucleus, central part,0,0,0
770,phpl,propriohypothalamic pathways, lateral,0,0,0
771,P,Pons,231346,837959,1069305
772,ACAv5,Anterior cingulate area, ventral part, layer 5,64153,0,64153
773,XII,Hypoglossal nucleus,18007,0,18007
774,RSPagl5,Retrosplenial area, lateral agranular part, layer 5,46896,0,46896
775,DGlb-mo,Dentate gyrus lateral blade, molecular layer,0,0,0
776,cc,corpus callosum,0,499495,499495
777,VMHdm,Ventromedial hypothalamic nucleus, dorsomedial part,0,0,0
778,VISp5,Primary visual area, layer 5,99343,0,99343
779,phpm,propriohypothalamic pathways, medial,0,0,0
780,PA,Posterior amygdalar nucleus,61821,0,61821
781,y,Nucleus y,1501,0,1501
782,DGlb-po,Dentate gyrus lateral blade, polymorph layer,0,0,0
783,AId6a,Agranular insular area, dorsal part, layer 6a,50002,0,50002
784,cst,corticospinal tract,5378,231119,236497
785,VMHvl,Ventromedial hypothalamic nucleus, ventrolateral part,0,0,0
786,TEa6b,Temporal association areas, layer 6b,5556,0,5556
787,phpv,propriohypothalamic pathways, ventral,0,0,0
788,PAA,Piriform-amygdalar area,76240,0,76240
789,z,Nucleus z,0,0,0
790,DGlb-sg,Dentate gyrus lateral blade, granule cell layer,0,0,0
791,AUDpo5,Posterior auditory area, layer 5,11609,0,11609
792,drt,dorsal roots,0,43960,43960
793,SSp1,Primary somatosensory area, layer 1,0,0,0
794,sptV,spinal tract of the trigeminal nerve,104258,0,104258
795,PAG,Periaqueductal gray,275647,24611,300258
796,A13,Dopaminergic A13 group,0,0,0
797,ZI,Zona incerta,99806,15439,115245
798,VIIn,facial nerve,5058,1845,6903
799,DGmb,Dentate gyrus medial blade,0,0,0
800,AIv5,Agranular insular area, ventral part, layer 5,46103,0,46103
801,VIS1,Visual areas, layer 1,0,0,0
802,sm,stria medullaris,17293,0,17293
803,PAL,Pallidum,72279,527235,599514
804,FF,Fields of Forel,15439,0,15439
805,VISpm1,posteromedial visual area, layer 1,12049,0,12049
806,SSs2/3,Supplemental somatosensory area, layer 2/3,137269,0,137269
807,DGmb-mo,Dentate gyrus medial blade, molecular layer,0,0,0
808,IXn,glossopharyngeal nerve,0,0,0
809,PALc,Pallidum, caudal region,0,86275,86275
810,ACAv6a,Anterior cingulate area, ventral part, 6a,23226,0,23226
811,ICc,Inferior colliculus, central nucleus,72083,0,72083
812,dscp,superior cerebellar peduncle decussation,3004,0,3004
813,XIIn,hypoglossal nerve,0,0,0
814,DP,Dorsal peduncular area,32116,0,32116
815,DGmb-po,Dentate gyrus medial blade, polymorph layer,0,0,0
816,AUDp4,Primary auditory area, layer 4,15023,0,15023
817,supa,supraoptic commissures, anterior,0,0,0
818,PALd,Pallidum, dorsal region,0,127214,127214
819,ACAv6b,Anterior cingulate area, ventral part, 6b,3966,0,3966
820,ICd,Inferior colliculus, dorsal nucleus,84648,0,84648
821,VISp2/3,Primary visual area, layer 2/3,127983,0,127983
822,RHP,Retrohippocampal region,0,1183617,1183617
823,DGmb-sg,Dentate gyrus medial blade, granule cell layer,0,0,0
824,mfsbshy,hypothalamus related,0,52583,52583
825,supd,supraoptic commissures, dorsal,0,0,0
826,PALm,Pallidum, medial region,0,96631,96631
827,ILA5,Infralimbic area, layer 5,21394,0,21394
828,ICe,Inferior colliculus, external nucleus,127870,0,127870
829,SUBd-m,Subiculum, dorsal part, molecular layer,0,0,0
830,DMH,Dorsomedial nucleus of the hypothalamus,24068,0,24068
831,AId6b,Agranular insular area, dorsal part, layer 6b,3135,0,3135
832,IIIn,oculomotor nerve,521,12810,13331
833,supv,supraoptic commissures, ventral,0,0,0
834,SCzo,Superior colliculus, zonal layer,23252,0,23252
835,PALv,Pallidum, ventral region,0,217115,217115
836,ECT1,Ectorhinal area/Layer 1,16685,0,16685
837,SUBd-sr,Subiculum, dorsal part, stratum radiatum,0,0,0
838,SSp-n2/3,Primary somatosensory area, nose, layer 2/3,40982,0,40982
839,DMX,Dorsal motor nucleus of the vagus nerve,11139,0,11139
840,In,olfactory nerve,0,381763,381763
841,tb,trapezoid body,19238,0,19238
842,SCsg,Superior colliculus, superficial gray layer,73727,0,73727
843,PAR,Parasubiculum,59690,0,59690
844,MOp6a,Primary motor area, Layer 6a,184072,0,184072
845,SUBd-sp,Subiculum, dorsal part, pyramidal layer,0,0,0
846,DN,Dentate nucleus,21510,0,21510
847,AUDp5,Primary auditory area, layer 5,45730,0,45730
848,IIn,optic nerve,4540,78898,83438
849,VISC6b,Visceral area, layer 6b,3210,0,3210
850,uf,uncinate fascicle,5431,0,5431
851,SCop,Superior colliculus, optic layer,41155,0,41155
852,PARN,Parvicellular reticular nucleus,143835,0,143835
853,SUBv-m,Subiculum, ventral part, molecular layer,0,0,0
854,SSp-ul2/3,Primary somatosensory area, upper limb, layer 2/3,62626,0,62626
855,rst,retriculospinal tract,0,0,0
856,DORpm,Thalamus, polymodal association cortex related,0,811504,811504
857,VISC6a,Visceral area, layer 6a,34317,0,34317
858,vc,ventral commissure of the spinal cord,0,0,0
859,PAS,Parasolitary nucleus,1790,0,1790
860,PBlc,Parabrachial nucleus, lateral division, central lateral part,0,0,0
861,SUBv-sr,Subiculum, ventral part, stratum radiatum,0,0,0
862,SSs6a,Supplemental somatosensory area, layer 6a,132739,0,132739
863,rust,rubrospinal tract,36422,2380,38802
864,DORsm,Thalamus, sensory-motor cortex related,0,427374,427374
865,SSp4,Primary somatosensory area, layer 4,0,0,0
866,sctv,ventral spinocerebellar tract,18263,0,18263
867,PB,Parabrachial nucleus,60544,11222,71766
868,PBld,Parabrachial nucleus, lateral division, dorsal lateral part,0,0,0
869,VISpl4,Posterolateral visual area, layer 4,2308,0,2308
870,SUBv-sp,Subiculum, ventral part, pyramidal layer,0,0,0
871,sst,spinothalamic tract,0,0,0
872,DR,Dorsal nucleus raphe,9814,0,9814
873,SSs1,Supplemental somatosensory area, layer 1,79837,0,79837
874,PBG,Parabigeminal nucleus,2852,0,2852
875,PBle,Parabrachial nucleus, lateral division, external lateral part,0,0,0
876,aot,accessory optic tract,0,0,0
877,tsp,tectospinal pathway,0,32639,32639
878,SSp-m1,Primary somatosensory area, mouth, layer 1,50090,0,50090
879,RSPd,Retrosplenial area, dorsal part,0,242928,242928
880,DTN,Dorsal tegmental nucleus,6637,0,6637
881,PBl,Parabrachial nucleus, lateral division,0,0,0
882,MOp6b,Primary motor area, Layer 6b,11852,0,11852
883,PBls,Parabrachial nucleus, lateral division, superior lateral part,0,0,0
884,amc,amygdalar capsule,10521,0,10521
885,tn,terminal nerve,0,0,0
886,RSPv,Retrosplenial area, ventral part,0,278392,278392
887,ECO,Efferent cochlear group,0,0,0
888,PERI2/3,Perirhinal area, layer 2/3,21305,0,21305
889,SSp-n6a,Primary somatosensory area, nose, layer 6a,51512,0,51512
890,PBm,Parabrachial nucleus, medial division,0,0,0
891,PBlv,Parabrachial nucleus, lateral division, ventral lateral part,0,0,0
892,apd,ansa peduncularis,0,0,0
893,SSs6b,Supplemental somatosensory area, layer 6b,13156,0,13156
894,RSPagl,Retrosplenial area, lateral agranular part,0,150743,150743
895,ECT,Ectorhinal area,0,109560,109560
896,lfbst,thalamus related,0,151671,151671
897,VISC1,Visceral area, layer 1,21663,0,21663
898,PCG,Pontine central gray,34776,0,34776
899,PBme,Parabrachial nucleus, medial division, external medial part,0,0,0
900,aco,anterior commissure, olfactory limb,48644,0,48644
901,Vn,trigeminal nerve,0,152592,152592
902,VISpl5,Posterolateral visual area, layer 5,15560,0,15560
903,ECU,External cuneate nucleus,13130,0,13130
904,MSC,Medial septal complex,0,73827,73827
905,VISal2/3,Anterolateral visual area, layer 2/3,12714,0,12714
906,RSPagl6a,Retrosplenial area, lateral agranular part, layer 6a,26287,0,26287
907,PCN,Paracentral nucleus,15258,0,15258
908,act,anterior commissure, temporal limb,13607,0,13607
909,ENT,Entorhinal area,0,730199,730199
910,ORBm6a,Orbital area, medial part, layer 6a,11931,0,11931
911,IVn,trochlear nerve,448,0,448
912,LING,Lingula (I),7751,0,7751
913,VIS4,Visual areas, layer 4,0,0,0
914,PD,Posterodorsal preoptic nucleus,743,0,743
915,PBmm,Parabrachial nucleus, medial division, medial medial part,0,0,0
916,bsc,brachium of the superior colliculus,12763,0,12763
917,Xn,vagus nerve,0,599,599
918,ENTl,Entorhinal area, lateral part,0,408232,408232
919,ACAd6a,Anterior cingulate area, dorsal part, layer 6a,44804,0,44804
920,CENT,Central lobule,0,260812,260812
921,SSp5,Primary somatosensory area, layer 5,0,0,0
922,PERI,Perirhinal area,0,50565,50565
923,PBmv,Parabrachial nucleus, medial division, ventral medial part,0,0,0
924,cpd,cerebal peduncle,56468,0,56468
925,vrt,ventral roots,0,0,0
926,ENTm,Entorhinal area, medial part, dorsal zone,0,321967,321967
927,ACAd6b,Anterior cingulate area, dorsal part, layer 6b,1584,0,1584
928,CUL,Culmen,0,430441,430441
929,SSp-n6b,Primary somatosensory area, nose, layer 6b,3432,0,3432
930,PF,Parafascicular nucleus,31335,0,31335
931,PG,Pontine gray,61699,0,61699
932,cett,cervicothalamic tract,0,43960,43960
933,VIIIn,vestibulocochlear nerve,0,106337,106337
934,ENTmv,Entorhinal area, medial part, ventral zone,0,0,0
935,ACAd1,Anterior cingulate area, dorsal part, layer 1,38133,0,38133
936,DEC,Declive (VI),213303,0,213303
937,VIS5,Visual areas, layer 5,0,0,0
938,PGRN,Paragigantocellular reticular nucleus,0,60721,60721
939,AMBd,Nucleus ambiguus, dorsal division,1359,0,1359
940,cing,cingulum bundle,80922,0,80922
941,vsp,vestibulospinal pathway,0,0,0
942,EP,Endopiriform nucleus,0,178554,178554
943,MOp2/3,Primary motor area, Layer 2/3,236101,0,236101
944,FOTU,Folium-tuber vermis (VII),67534,0,67534
945,SSp-ul6a,Primary somatosensory area, upper limb, layer 6a,60229,0,60229
946,PH,Posterior hypothalamic nucleus,45251,0,45251
947,MO6b,Somatomotor areas, Layer 6b,0,0,0
948,cVIIIn,cochlear nerve,0,90314,90314
949,von,vomeronasal nerve,862,0,862
950,SSp-m4,Primary somatosensory area, mouth, layer 4,60615,0,60615
951,PYR,Pyramus (VIII),79865,0,79865
952,EPd,Endopiriform nucleus, dorsal part,116294,0,116294
953,PIN,Pineal body,0,0,0
954,AUDp6a,Primary auditory area, layer 6a,19087,0,19087
955,LRNm,Lateral reticular nucleus, magnocellular part,32803,0,32803
956,fa,corpus callosum, anterior forceps,54717,56036,110753
957,UVU,Uvula (IX),140247,0,140247
958,EPI,Epithalamus,0,42625,42625
959,AUDv1,Ventral auditory area, layer 1,18571,0,18571
960,cbf,cerebellum related fiber tracts,0,627720,627720
961,PIR,Piriform area,740202,0,740202
962,MOs2/3,Secondary motor area, layer 2/3,243488,0,243488
963,LRNp,Lateral reticular nucleus, parvicellular part,3662,0,3662
964,ee,corpus callosum, extreme capsule,5982,0,5982
965,RSPagl2/3,Retrosplenial area, lateral agranular part, layer 2/3,42857,0,42857
966,EPv,Endopiriform nucleus, ventral part,62260,0,62260
967,cm,cranial nerves,0,790233,790233
968,NOD,Nodulus (X),97149,0,97149
969,ORBvl1,Orbital area, ventrolateral part, layer 1,24693,0,24693
970,PGRNd,Paragigantocellular reticular nucleus, dorsal part,15277,0,15277
971,fp,corpus callosum, posterior forceps,87205,0,87205
972,PL,Prelimbic area,0,154127,154127
973,VISl2/3,Lateral visual area, layer 2/3,19298,0,19298
974,SSp-m5,Primary somatosensory area, mouth, layer 5,77950,0,77950
975,EW,Edinger-Westphal nucleus,1664,0,1664
976,CENT2,Lobule II,85398,0,85398
977,ECT6a,Ectorhinal area/Layer 6a,24962,0,24962
978,PGRNl,Paragigantocellular reticular nucleus, lateral part,45444,0,45444
979,ccr,corpus callosum, rostrum,0,0,0
980,PMd,Dorsal premammillary nucleus,8433,0,8433
981,SSp-bfd1,Primary somatosensory area, barrel field, layer 1,53686,0,53686
982,FC,Fasciola cinerea,3947,0,3947
983,lfbs,lateral forebrain bundle system,0,887663,887663
984,CENT3,Lobule III,175414,0,175414
985,MOp,Primary motor area,0,726598,726598
986,ccs,corpus callosum, splenium,47793,0,47793
987,P-mot,Pons, motor related,0,370769,370769
988,ECT5,Ectorhinal area/Layer 5,33862,0,33862
989,FN,Fastigial nucleus,32062,0,32062
990,AUDv4,Ventral auditory area, layer 4,13693,0,13693
991,mfbs,medial forebrain bundle system,0,451212,451212
992,CUL4,Lobule IV,0,0,0
993,MOs,Secondary motor area,0,838678,838678
994,cbt,corticobulbar tract,0,0,0
995,PMR,Paramedian reticular nucleus,0,0,0
996,AId1,Agranular insular area, dorsal part, layer 1,29473,0,29473
997,root,root,227252,32160133,32387385
998,FS,Fundus of striatum,27633,0,27633
999,ENTl2/3,Entorhinal area, lateral part, layer 2/3,0,0,0
1000,eps,extrapyramidal fiber systems,0,78633,78633
1001,CUL5,Lobule V,0,0,0
1002,AUDp,Primary auditory area,0,137716,137716
1003,cpt,corticopontine tract,0,0,0
1004,PMv,Ventral premammillary nucleus,12528,0,12528
1005,AUDp6b,Primary auditory area, layer 6b,3484,0,3484
1006,SSp-tr1,Primary somatosensory area, trunk, layer 1,13081,0,13081
1007,SIM,Simple lobule,364470,0,364470
1008,GENd,Geniculate group, dorsal thalamus,0,91005,91005
1009,fiber tracts,fiber tracts,99413,2904087,3003500
1010,VISC4,Visceral area, layer 4,11677,0,11677
1011,AUDd,Dorsal auditory area,0,77718,77718
1012,crt,corticorubral tract,0,0,0
1014,GENv,Geniculate group, ventral thalamus,0,33480,33480
1015,ACAd5,Anterior cingulate area, dorsal part, layer 5,76687,0,76687
1016,onl,olfactory nerve layer of main olfactory bulb,265144,0,265144
1017,AN,Ansiform lobule,0,691709,691709
1018,AUDv,Ventral auditory area,0,116657,116657
1019,cstc,corticospinal tract, crossed,0,0,0
1020,PO,Posterior complex of the thalamus,80140,0,80140
1021,MOs6a,Secondary motor area, layer 6a,152198,0,152198
1022,GPe,Globus pallidus, external segment,100114,0,100114
1023,AUDv5,Ventral auditory area, layer 5,38671,0,38671
1024,grv,grooves,0,0,0
1025,PRM,Paramedian lobule,312452,0,312452
1026,SSp-ul6b,Primary somatosensory area, upper limb, layer 6b,4753,0,4753
1027,AUDpo,Posterior auditory area,0,39164,39164
1028,cstu,corticospinal tract, uncrossed,0,0,0
1029,POL,Posterior limiting nucleus of the thalamus,13149,0,13149
1030,SSp-ll1,Primary somatosensory area, lower limb, layer 1,19151,0,19151
1031,GPi,Globus pallidus, internal segment,27100,0,27100
1032,grv of CTX,grooves of the cerebral cortex,0,0,0
1033,COPY,Copula pyramidis,160428,0,160428
1034,TTd1,Taenia tecta, dorsal part, layer 1,0,0,0
1035,SSs4,Supplemental somatosensory area, layer 4,74614,0,74614
1036,cte,corticotectal tract,0,0,0
1037,POST,Postsubiculum,69144,0,69144
1038,SSp-bfd6a,Primary somatosensory area, barrel field, layer 6a,83045,0,83045
1039,GR,Gracile nucleus,5232,0,5232
1040,grv of CBX,grooves of the cerebellar cortex,0,0,0
1041,PFL,Paraflocculus,366493,0,366493
1042,TTd2,Taenia tecta, dorsal part, layer 2,0,0,0
1043,tspc,crossed tectospinal pathway,32193,0,32193
1044,PP,Peripeduncular nucleus,3932,0,3932
1045,ECT6b,Ectorhinal area/Layer 6b,3606,0,3606
1046,VISam6a,Anteromedial visual area, layer 6a,8702,0,8702
1047,SSp-bfd4,Primary somatosensory area, barrel field, layer 4,82089,0,82089
1048,GRN,Gigantocellular reticular nucleus,167474,0,167474
1049,FL,Flocculus,85475,0,85475
1050,TTd3,Taenia tecta, dorsal part, layer 3,0,0,0
1051,tspd,direct tectospinal pathway,1,0,1
1052,PPN,Pedunculopontine nucleus,56987,0,56987
1053,ACA2/3,Anterior cingulate area, layer 2/3,0,0,0
1054,ILA6a,Infralimbic area, layer 6a,13114,0,13114
1055,eg,endorhinal groove,0,0,0
1056,ANcr1,Crus 1,364503,0,364503
1057,GU,Gustatory areas,0,113196,113196
1058,VISC5,Visceral area, layer 5,45196,0,45196
1059,TTd4,Taenia tecta, dorsal part, layer 4,0,0,0
1060,dtd,doral tegmental decussation,445,0,445
1061,PPT,Posterior pretectal nucleus,9225,0,9225
1062,SSp-bfd6b,Primary somatosensory area, barrel field, layer 6b,9389,0,9389
1063,hf,hippocampal fissure,0,0,0
1064,ANcr2,Crus 2,327206,0,327206
1065,HB,Hindbrain,0,3051283,3051283
1066,VISam2/3,Anteromedial visual area, layer 2/3,13301,0,13301
1067,TTv1,Taenia tecta, ventral part, layer 1,0,0,0
1068,mfbst,dorsal thalamus related,0,0,0
1069,PPY,Parapyramidal nucleus,6058,0,6058
1070,SSp-bfd5,Primary somatosensory area, barrel field, layer 5,77323,0,77323
1071,rf,rhinal fissure,0,0,0
1072,MGd,Medial geniculate complex, dorsal part,11021,0,11021
1073,HEM,Hemispheric regions,0,1981027,1981027
1074,VISal1,Anterolateral visual area, layer 1,7502,0,7502
1075,TTv2,Taenia tecta, ventral part, layer 2,0,0,0
1076,cvb,efferent cochleovestibular bundle,0,0,0
1077,PR,Perireunensis nucleus,9697,0,9697
1078,ri,rhinal incisure,0,0,0
1079,MGv,Medial geniculate complex, ventral part,17737,0,17737
1080,HIP,Hippocampal region,0,1518839,1518839
1081,ILA6b,Infralimbic area, layer 6b,689,0,689
1082,TTv3,Taenia tecta, ventral part, layer 3,0,0,0
1083,mfbse,epithalamus related,0,31015,31015
1084,PRE,Presubiculum,59134,0,59134
1085,MOs6b,Secondary motor area, layer 6b,4786,0,4786
1086,SSp-tr4,Primary somatosensory area, trunk, layer 4,9766,0,9766
1087,pce,precentral fissure,0,0,0
1088,MGm,Medial geniculate complex, medial part,16021,0,16021
1089,HPF,Hippocampal formation,26949,2702456,2729405
1090,SSs5,Supplemental somatosensory area, layer 5,139873,0,139873
1091,CUL4, 5,Lobules IV-V,430441,0,430441
1092,em,external medullary lamina of the thalamus,7079,0,7079
1093,PRNc,Pontine reticular nucleus, caudal part,150278,0,150278
1094,SSp-ll4,Primary somatosensory area, lower limb, layer 4,17474,0,17474
1095,pcf,preculminate fissure,0,0,0
1096,AMd,Anteromedial nucleus, dorsal part,15662,0,15662
1097,HY,Hypothalamus,176430,796124,972554
1098,MDRNd,Medullary reticular nucleus, dorsal part,69925,0,69925
1099,fxs,fornix system,0,271708,271708
1100,PRT,Pretectal region,0,133081,133081
1101,AId5,Agranular insular area, dorsal part, layer 5,96632,0,96632
1102,SSp-m6a,Primary somatosensory area, mouth, layer 6a,105706,0,105706
1103,pri,primary fissure,0,0,0
1104,AMv,Anteromedial nucleus, ventral part,10627,0,10627
1105,IA,Intercalated amygdalar nucleus,11701,0,11701
1106,VISC2/3,Visceral area, layer 2/3,34556,0,34556
1107,MDRNv,Medullary reticular nucleus, ventral part,60123,0,60123
1108,ccg,genu of corpus callosum,53119,0,53119
1109,PS,Parastrial nucleus,6173,0,6173
1110,SUMl,Supramammillary nucleus, lateral part,0,0,0
1111,SSp-tr5,Primary somatosensory area, trunk, layer 5,22607,0,22607
1112,psf,posterior superior fissure,0,0,0
1113,IAD,Interanterodorsal nucleus of the thalamus,7225,0,7225
1114,VISal4,Anterolateral visual area, layer 4,6639,0,6639
1116,gVIIn,genu of the facial nerve,1845,0,1845
1117,P-sat,Pons, behavioral state related,0,221236,221236
1118,SUMm,Supramammillary nucleus, medial part,0,0,0
1119,ppf,prepyramidal fissure,0,0,0
1120,IAM,Interanteromedial nucleus of the thalamus,2742,0,2742
1121,ENTl1,Entorhinal area, lateral part, layer 1,62794,0,62794
1123,icp,inferior cerebellar peduncle,46244,9396,55640
1124,PSCH,Suprachiasmatic preoptic nucleus,0,0,0
1125,ORBvl5,Orbital area, ventrolateral part, layer 5,39639,0,39639
1126,TMd,Tuberomammillary nucleus, dorsal part,2243,0,2243
1127,TEa2/3,Temporal association areas, layer 2/3,44795,0,44795
1128,SSp-ll5,Primary somatosensory area, lower limb, layer 5,35564,0,35564
1129,IB,Interbrain,0,2270266,2270266
1131,iVIIn,intermediate nerve,0,0,0
1132,P-sen,Pons, sensory related,0,245954,245954
1133,ENTmv5/6,Entorhinal area, medial part, ventral zone, layer 5/6,0,0,0
1139,NLOT3,Nucleus of the lateral olfactory tract, layer 3,3701,0,3701
1140,TR1,Postpiriform transition area, layers 1,0,0,0
1141,TR2,Postpiriform transition area, layers 2,0,0,0
1142,TR3,Postpiriform transition area, layers 3,0,0,0
1143,CBXgr,Cerebellar cortex, granular layer,0,0,0
1144,CBXmo,Cerebellar cortex, molecular layer,0,0,0
1145,CBXpu,Cerebellar cortex, Purkinje layer,0,0,0
10671,ME,Median eminence,5077,0,5077
10672,SIMgr,Simple lobule, granular layer,0,0,0
10673,SIMpu,Simple lobule, Purkinje layer,0,0,0
10674,SIMmo,Simple lobule, molecular layer,0,0,0
10675,ANcr1gr,Crus 1, granular layer,0,0,0
10676,ANcr1pu,Crus 1, Purkinje layer,0,0,0
10677,ANcr1mo,Crus 1, molecular layer,0,0,0
10678,ANcr2gr,Crus 2, granular layer,0,0,0
10679,ANcr2pu,Crus 2, Purkinje layer,0,0,0
10680,ANcr2mo,Crus 2, molecular layer,0,0,0
10681,PRMgr,Paramedian lobule, granular layer,0,0,0
10682,PRMpu,Paramedian lobule, Purkinje layer,0,0,0
10683,PRMmo,Paramedian lobule, molecular layer,0,0,0
10684,COPYgr,Copula pyramidis, granular layer,0,0,0
10685,COPYpu,Copula pyramidis, Purkinje layer,0,0,0
10686,COPYmo,Copula pyramidis, molecular layer,0,0,0
10687,PFLgr,Paraflocculus, granular layer,0,0,0
10688,PFLpu,Paraflocculus, Purkinje layer,0,0,0
10689,PFLmo,Paraflocculus, molecular layer,0,0,0
10690,FLgr,Flocculus, granular layer,0,0,0
10691,FLpu,Flocculus, Purkinje layer,0,0,0
10692,FLmo,Flocculus, molecular layer,0,0,0
10693,PAR1,Parasubiculum, layer 1,0,0,0
10694,PAR2,Parasubiculum, layer 2,0,0,0
10695,PAR3,Parasubiculum, layer 3,0,0,0
10696,POST1,Postsubiculum, layer 1,0,0,0
10697,POST2,Postsubiculum, layer 2,0,0,0
10698,POST3,Postsubiculum, layer 3,0,0,0
10699,PRE1,Presubiculum, layer 1,0,0,0
10700,PRE2,Presubiculum, layer 2,0,0,0
10701,PRE3,Presubiculum, layer 3,0,0,0
10702,DG-sgz,Dentate gyrus, subgranular zone,0,0,0
10703,DG-mo,Dentate gyrus, molecular layer,275894,0,275894
10704,DG-po,Dentate gyrus, polymorph layer,43800,0,43800
10705,LINGgr,Lingula (I), granular layer,0,0,0
10706,LINGpu,Lingula (I), Purkinje layer,0,0,0
10707,LINGmo,Lingula (I), molecular layer,0,0,0
10708,CENT2gr,Lobule II, granular layer,0,0,0
10709,CENT2pu,Lobule II, Purkinje layer,0,0,0
10710,CENT2mo,Lobule II, molecular layer,0,0,0
10711,CENT3gr,Lobule III, granular layer,0,0,0
10712,CENT3pu,Lobule III, Purkinje layer,0,0,0
10713,CENT3mo,Lobule III, molecular layer,0,0,0
10714,CUL4gr,Lobule IV, granular layer,0,0,0
10715,CUL4pu,Lobule IV, Purkinje layer,0,0,0
10716,CUL4mo,Lobule IV, molecular layer,0,0,0
10717,CUL5gr,Lobule V, granular layer,0,0,0
10718,CUL5pu,Lobule V, Purkinje layer,0,0,0
10719,CUL5mo,Lobule V, molecular layer,0,0,0
10720,CUL4, 5gr,Lobules IV-V, granular layer,0,0,0
10721,CUL4, 5pu,Lobules IV-V, Purkinje layer,0,0,0
10722,CUL4, 5mo,Lobules IV-V, molecular layer,0,0,0
10723,DECgr,Declive (VI), granular layer,0,0,0
10724,DECpu,Declive (VI), Purkinje layer,0,0,0
10725,DECmo,Declive (VI), molecular layer,0,0,0
10726,FOTUgr,Folium-tuber vermis (VII), granular layer,0,0,0
10727,FOTUpu,Folium-tuber vermis (VII), Purkinje layer,0,0,0
10728,FOTUmo,Folium-tuber vermis (VII), molecular layer,0,0,0
10729,PYRgr,Pyramus (VIII), granular layer,0,0,0
10730,PYRpu,Pyramus (VIII), Purkinje layer,0,0,0
10731,PYRmo,Pyramus (VIII), molecular layer,0,0,0
10732,UVUgr,Uvula (IX), granular layer,0,0,0
10733,UVUpu,Uvula (IX), Purkinje layer,0,0,0
10734,UVUmo,Uvula (IX), molecular layer,0,0,0
10735,NODgr,Nodulus (X), granular layer,0,0,0
10736,NODpu,Nodulus (X), Purkinje layer,0,0,0
10737,NODmo,Nodulus (X), molecular layer,0,0,0
12993,SS1,Somatosensory areas, layer 1,0,0,0
12994,SS2/3,Somatosensory areas, layer 2/3,0,0,0
12995,SS4,Somatosensory areas, layer 4,0,0,0
12996,SS5,Somatosensory areas, layer 5,0,0,0
12997,SS6a,Somatosensory areas, layer 6a,0,0,0
12998,SS6b,Somatosensory areas, layer 6b,0,0,0
182305689,SSp-un,Primary somatosensory area, unassigned,0,80794,80794
182305693,SSp-un1,Primary somatosensory area, unassigned, layer 1,10635,0,10635
182305697,SSp-un2/3,Primary somatosensory area, unassigned, layer 2/3,21205,0,21205
182305701,SSp-un4,Primary somatosensory area, unassigned, layer 4,12030,0,12030
182305705,SSp-un5,Primary somatosensory area, unassigned, layer 5,16508,0,16508
182305709,SSp-un6a,Primary somatosensory area, unassigned, layer 6a,18840,0,18840
182305713,SSp-un6b,Primary somatosensory area, unassigned, layer 6b,1576,0,1576
304325711,retina,retina,0,0,0
312782546,VISa,Anterior area,0,92031,92031
312782550,VISa1,Anterior area, layer 1,15284,0,15284
312782554,VISa2/3,Anterior area, layer 2/3,27287,0,27287
312782558,VISa4,Anterior area, layer 4,9933,0,9933
312782562,VISa5,Anterior area, layer 5,22713,0,22713
312782566,VISa6a,Anterior area, layer 6a,14266,0,14266
312782570,VISa6b,Anterior area, layer 6b,2548,0,2548
312782574,VISli,Laterointermediate area,0,31525,31525
312782578,VISli1,Laterointermediate area, layer 1,4778,0,4778
312782582,VISli2/3,Laterointermediate area, layer 2/3,7498,0,7498
312782586,VISli4,Laterointermediate area, layer 4,3653,0,3653
312782590,VISli5,Laterointermediate area, layer 5,9489,0,9489
312782594,VISli6a,Laterointermediate area, layer 6a,5080,0,5080
312782598,VISli6b,Laterointermediate area, layer 6b,1027,0,1027
312782604,VISrl1,Rostrolateral area, layer 1,10858,0,10858
312782608,VISrl2/3,Rostrolateral area, layer 2/3,17648,0,17648
312782612,VISrl4,Rostrolateral area, layer 4,9373,0,9373
312782616,VISrl5,Rostrolateral area, layer 5,15623,0,15623
312782620,VISrl6a,Rostrolateral area, layer 6a,9688,0,9688
312782624,VISrl6b,Rostrolateral area, layer 6b,1835,0,1835
312782628,VISpor,Postrhinal area,0,82095,82095
312782632,VISpor1,Postrhinal area, layer 1,16026,0,16026
312782636,VISpor2/3,Postrhinal area, layer 2/3,23927,0,23927
312782640,VISpor4,Postrhinal area, layer 4,3872,0,3872
312782644,VISpor5,Postrhinal area, layer 5,24639,0,24639
312782648,VISpor6a,Postrhinal area, layer 6a,11541,0,11541
312782652,VISpor6b,Postrhinal area, layer 6b,2090,0,2090
480149202,VISrll,Rostrolateral lateral visual area,0,0,0
480149206,VISrll1,Rostrolateral lateral visual area, layer 1,0,0,0
480149210,VISrll2/3,Rostrolateral lateral visual area, layer 2/3,0,0,0
480149214,VISrll4,Rostrolateral lateral visual area, layer 4,0,0,0
480149218,VISrll5,Rostrolateral lateral visual area,layer 5,0,0,0
480149222,VISrll6a,Rostrolateral lateral visual area, layer 6a,0,0,0
480149226,VISrll6b,Rostrolateral lateral visual area, layer 6b,0,0,0
480149230,VISlla,Laterolateral anterior visual area,0,0,0
480149234,VISlla1,Laterolateral anterior visual area, layer 1,0,0,0
480149238,VISlla2/3,Laterolateral anterior visual area, layer 2/3,0,0,0
480149242,VISlla4,Laterolateral anterior visual area, layer 4,0,0,0
480149246,VISlla5,Laterolateral anterior visual area,layer 5,0,0,0
480149250,VISlla6a,Laterolateral anterior visual area, layer 6a,0,0,0
480149254,VISlla6b,Laterolateral anterior visual area, layer 6b,0,0,0
480149258,VISmma,Mediomedial anterior visual area,0,0,0
480149262,VISmma1,Mediomedial anterior visual area, layer 1,0,0,0
480149266,VISmma2/3,Mediomedial anterior visual area, layer 2/3,0,0,0
480149270,VISmma4,Mediomedial anterior visual area, layer 4,0,0,0
480149274,VISmma5,Mediomedial anterior visual area,layer 5,0,0,0
480149278,VISmma6a,Mediomedial anterior visual area, layer 6a,0,0,0
480149282,VISmma6b,Mediomedial anterior visual area, layer 6b,0,0,0
480149286,VISmmp,Mediomedial posterior visual area,0,0,0
480149290,VISmmp1,Mediomedial posterior visual area, layer 1,0,0,0
480149294,VISmmp2/3,Mediomedial posterior visual area, layer 2/3,0,0,0
480149298,VISmmp4,Mediomedial posterior visual area, layer 4,0,0,0
480149302,VISmmp5,Mediomedial posterior visual area,layer 5,0,0,0
480149306,VISmmp6a,Mediomedial posterior visual area, layer 6a,0,0,0
480149310,VISmmp6b,Mediomedial posterior visual area, layer 6b,0,0,0
480149314,VISm,Medial visual area,0,0,0
480149318,VISm1,Medial visual area, layer 1,0,0,0
480149322,VISm2/3,Medial visual area, layer 2/3,0,0,0
480149326,VISm4,Medial visual area, layer 4,0,0,0
480149330,VISm5,Medial visual area,layer 5,0,0,0
480149334,VISm6a,Medial visual area, layer 6a,0,0,0
480149338,VISm6b,Medial visual area, layer 6b,0,0,0
484682470,ProS,Prosubiculum,83187,0,83187
484682475,ProSd,Prosubiculum, dorsal part,0,0,0
484682479,ProSd-m,Prosubiculum, dorsal part, molecular layer,0,0,0
484682483,ProSd-sp,Prosubiculum, dorsal part, pyramidal layer,0,0,0
484682487,ProSd-sr,Prosubiculum, dorsal part, stratum radiatum,0,0,0
484682492,ProSv,Prosubiculum, ventral part,0,0,0
484682496,ProSv-m,Prosubiculum, ventral part, molecular layer,0,0,0
484682500,ProSv-sp,Prosubiculum, ventral part, pyramidal layer,0,0,0
484682504,Prosv-sr,Prosubiculum, ventral part, stratum radiatum,0,0,0
484682508,APr,Area prostriata,20640,0,20640
484682512,scwm,supra-callosal cerebral white matter,68626,0,68626
484682516,ccb,corpus callosum, body,194643,0,194643
484682520,or,optic radiation,118419,0,118419
484682524,ar,auditory radiation,26173,0,26173
484682528,stc,commissural branch of stria terminalis,2270,0,2270
496345664,LGd-sh,Dorsal part of the lateral geniculate complex, shell,13279,0,13279
496345668,LGd-co,Dorsal part of the lateral geniculate complex, core,26813,0,26813
496345672,LGd-ip,Dorsal part of the lateral geniculate complex, ipsilateral zone,6134,0,6134
526157192,FRP5,Frontal pole, layer 5,23779,0,23779
526157196,FRP6a,Frontal pole, layer 6a,7184,0,7184
526322264,FRP6b,Frontal pole, layer 6b,67,0,67
527696977,ORBm6b,Orbital area, medial part, layer 6b,243,0,243
549009199,LSS,Lateral strip of striatum,0,0,0
549009203,RPF,Retroparafascicular nucleus,3993,0,3993
549009207,InCo,Intercollicular nucleus,0,0,0
549009211,MA3,Medial accesory oculomotor nucleus,1040,0,1040
549009215,P5,Peritrigeminal zone,20516,0,20516
549009219,Acs5,Accessory trigeminal nucleus,914,0,914
549009223,PC5,Parvicellular motor 5 nucleus,4487,0,4487
549009227,I5,Intertrigeminal nucleus,2819,0,2819
560581551,Eth,Ethmoid nucleus of the thalamus,15130,0,15130
560581555,REth,Retroethmoid nucleus,0,0,0
560581559,Xi,Xiphoid thalamic nucleus,5588,0,5588
560581563,PIL,Posterior intralaminar thalamic nucleus,11240,0,11240
563807435,PoT,Posterior triangular thalamic nucleus,17909,0,17909
563807439,IntG,Intermediate geniculate nucleus,1448,0,1448
576073699,VMPO,Ventromedial preoptic nucleus,3210,0,3210
576073704,PeF,Perifornical nucleus,13728,0,13728
589508447,HATA,Hippocampo-amygdalar transition area,26994,0,26994
589508451,Pa5,Paratrigeminal nucleus,6563,0,6563
589508455,VeCB,Vestibulocerebellar nucleus,5451,0,5451
599626923,SCO,Subcommissural organ,905,0,905
599626927,PDTg,Posterodorsal tegmental nucleus,3062,0,3062
606826647,MMl,Medial mammillary nucleus, lateral part,13659,0,13659
606826651,MMm,Medial mammillary nucleus, medial part,8710,0,8710
606826655,MMp,Medial mammillary nucleus, posterior part,2388,0,2388
606826659,MMd,Medial mammillary nucleus, dorsal part,4877,0,4877
606826663,Pa4,Paratrochlear nucleus,1025,0,1025
607344830,PN,Paranigral nucleus,1406,0,1406
607344834,IPR,Interpeduncular nucleus, rostral,5112,0,5112
607344838,IPC,Interpeduncular nucleus, caudal,4363,0,4363
607344842,IPA,Interpeduncular nucleus, apical,1631,0,1631
607344846,IPL,Interpeduncular nucleus, lateral,3967,0,3967
607344850,IPI,Interpeduncular nucleus, intermediate,2104,0,2104
607344854,IPDM,Interpeduncular nucleus, dorsomedial,1214,0,1214
607344858,IPDL,Interpeduncular nucleus, dorsolateral,2425,0,2425
607344862,IPRL,Interpeduncular nucleus, rostrolateral,1224,0,1224
614454277,Su3,Supraoculomotor periaqueductal gray,2686,0,2686
